,iterationsNumber,seriousStepNumber,objectiveValue,objectiveValueBar,bestObjectiveValue,bestcertifiedObjectiveValue,mainObjective,delta,gradnorm,mu,mbundle,minEigenvalue,qpTime,oracleTime,bmTime,gramTime,concaTime,num_cuts
0,0,0,136447.1596806396,137253.74842047054,137253.74842047054,137253.74842046856,137004.49892132633,66.38691390486201,2.1545052533866285,0.039,0.01,-557.3392406867429,0.030327796936035156,0.0009980201721191406,0.0,0.00102996826171875,-0.0029926300048828125,36
1,1,0,137223.00027177038,137253.74842047054,137253.74842047054,137253.74842046856,137297.03684429143,2.0658187562657986,0.4890975243661218,0.039,0.01,-74.03657252105843,0.018721580505371094,0.0,0.0,0.0010395050048828125,-0.004022359848022461,42
2,2,0,137253.478117935,137253.74842047054,137253.74842047054,137253.74842046856,137253.76382486537,10.0,0.0014002324753859168,0.0429975,0.01,-0.2857069303565737,0.12886452674865723,0.0,0.0,0.0,0.0,43
3,3,0,137253.6758043798,137253.74842047054,137253.74842047054,137253.74842046856,137253.757840652,10.0,0.0006595443113133999,0.047404743750000006,0.01,-0.08203627220028203,0.05977463722229004,0.0,0.0,0.0,-0.0009984970092773438,44
4,4,0,137253.7430149829,137253.74842047054,137253.74842047054,137253.74842046856,137253.75877301506,10.0,0.00040353772086802937,0.05226372998437501,0.01,-0.015758032158981604,0.033733367919921875,0.004150867462158203,0.0,0.0,0.0,45
5,5,0,137253.73455643398,137253.74842047054,137253.74842047054,137253.74842046856,137253.74675112072,0.00031503368518315256,0.0003644677837403337,0.05226372998437501,0.01,-0.012194686741154913,0.017354488372802734,0.003068685531616211,0.0,0.0,0.0,45
6,5,0,137253.73455643398,137253.74842047054,137253.74842047054,137253.74842046856,137253.74675112072,0.00031503368518315256,0.0003644677837403337,0.05226372998437501,0.01,-0.012194686741154913,0.017354488372802734,0.003068685531616211,0.0,0.0,0.0,45
