,iterationsNumber,seriousStepNumber,objectiveValue,objectiveValueBar,bestObjectiveValue,bestcertifiedObjectiveValue,mainObjective,delta,gradnorm,mu,mbundle,minEigenvalue,qpTime,oracleTime,bmTime,gramTime,concaTime,num_cuts
0,0,0,63349.37273150716,63352.202494427416,63352.202494427416,63352.202494427256,63360.11846228811,1.130389805410232,0.23366976908752657,0.024,0.01,-10.745730780950595,0.007780790328979492,0.0,0.0008869171142578125,0.0009970664978027344,-0.000995635986328125,25
1,1,0,63352.199440946286,63352.202494427416,63352.202494427416,63352.202494427256,63352.21441871823,4.523214010987431e-05,0.0004332251655936382,0.024,0.01,-0.014977771940169244,0.03046131134033203,0.0,0.0008869171142578125,0.0009531974792480469,-0.0005540847778320312,25
2,1,0,63352.199440946286,63352.202494427416,63352.202494427416,63352.202494427256,63352.21441871823,4.523214010987431e-05,0.0004332251655936382,0.024,0.01,-0.014977771940169244,0.03046131134033203,0.0,0.0008869171142578125,0.0009531974792480469,-0.0005540847778320312,25
