,iterationsNumber,seriousStepNumber,objectiveValue,objectiveValueBar,bestObjectiveValue,bestcertifiedObjectiveValue,mainObjective,delta,gradnorm,mu,mbundle,minEigenvalue,qpTime,oracleTime,bmTime,gramTime,concaTime,num_cuts
0,0,0,7856.409508056833,7896.872086118339,7896.872086118339,7896.872086117296,7863.5498147379,4.692978675991071,0.5668899806637406,0.03,0.01,-7.1403066810671705,0.006754159927368164,0.0,0.0036499500274658203,0.0009822845458984375,-0.0010530948638916016,26
1,1,0,7892.789105926473,7896.872086118339,7896.872086118339,7896.872086117296,7894.058352610939,0.6774222916592407,0.2062560350653535,0.03,0.01,-1.2692466844664927,0.03266787528991699,0.0,0.0,0.0,-0.001687765121459961,26
2,2,0,7896.86619316276,7896.872086118339,7896.872086118339,7896.872086117296,7896.8714857449895,6.73411923344247e-05,0.0012892589998903313,0.03,0.01,-0.005292582229538852,0.029023408889770508,0.007175445556640625,0.0,0.0,-0.000997304916381836,26
3,2,0,7896.86619316276,7896.872086118339,7896.872086118339,7896.872086117296,7896.8714857449895,6.73411923344247e-05,0.0012892589998903313,0.03,0.01,-0.005292582229538852,0.029023408889770508,0.007175445556640625,0.0,0.0,-0.000997304916381836,26
