,iterationsNumber,seriousStepNumber,objectiveValue,objectiveValueBar,bestObjectiveValue,bestcertifiedObjectiveValue,mainObjective,delta,gradnorm,mu,mbundle,minEigenvalue,qpTime,oracleTime,bmTime,gramTime,concaTime,num_cuts
0,0,0,5991.622243420452,5991.622016941617,5991.622243420452,5991.622243420432,5991.622243458915,0.00022650011214864207,1.1905519516001668e-05,0.003,0.01,-3.8463522376164115e-08,0.002993345260620117,0.0,0,0.000997304916381836,-0.00010919570922851562,1
1,0,0,5991.622243420452,5991.622016941617,5991.622243420452,5991.622243420432,5991.622243458915,0.00022650011214864207,1.1905519516001668e-05,0.003,0.01,-3.8463522376164115e-08,0.002993345260620117,0.0,0,0.000997304916381836,-0.00010919570922851562,1
