,iterationsNumber,seriousStepNumber,objectiveValue,objectiveValueBar,bestObjectiveValue,bestcertifiedObjectiveValue,mainObjective,delta,gradnorm,mu,mbundle,minEigenvalue,qpTime,oracleTime,bmTime,gramTime,concaTime,num_cuts
0,0,0,7856.409462754294,7896.872085478667,7896.872085478667,7896.8720854783405,7863.549816041793,4.692979181462761,0.5668899404250646,0.03,0.01,-7.140353287499454,0.009515762329101562,0.003899097442626953,0.00025081634521484375,0.001104116439819336,-0.0013692378997802734,26
1,1,0,7892.789099340073,7896.872085478667,7896.872085478667,7896.8720854783405,7894.058351891554,0.677423087679017,0.20625595960771467,0.03,0.01,-1.2692525514802504,0.03385734558105469,0.003641366958618164,0.00021648406982421875,0.0009906291961669922,-0.0012362003326416016,26
2,2,0,7896.848001199972,7896.872085478667,7896.872085478667,7896.8720854783405,7896.887940541701,10.0,0.005741560694448531,0.033075,0.01,-0.039939341729389344,0.039031267166137695,0.0035653114318847656,0.0003447532653808594,0.0008955001831054688,-0.001123666763305664,30
3,3,0,7896.8491473121285,7896.872085478667,7896.872085478667,7896.8720854783405,7896.882992920902,0.0004204167553325533,0.005169390924138213,0.033075,0.01,-0.03384560877389041,0.005313873291015625,0.0035648345947265625,0.0003447532653808594,0.0009019374847412109,-0.0011491775512695312,30
4,3,0,7896.8491473121285,7896.872085478667,7896.872085478667,7896.8720854783405,7896.882992920902,0.0004204167553325533,0.005169390924138213,0.033075,0.01,-0.03384560877389041,0.005313873291015625,0.0035648345947265625,0.0003447532653808594,0.0009019374847412109,-0.0011491775512695312,30
