,iterationsNumber,seriousStepNumber,objectiveValue,objectiveValueBar,bestObjectiveValue,bestcertifiedObjectiveValue,mainObjective,delta,gradnorm,mu,mbundle,minEigenvalue,qpTime,oracleTime,bmTime,gramTime,concaTime,num_cuts
0,0,0,452668.5320392948,454511.8569432141,454511.8569432141,454511.85694321245,456637.4167628414,1006.5622683216352,31.71397134711224,0.5,0.01,-3968.884723546631,0.15710973739624023,0.0649416446685791,0.0042803287506103516,0.0022430419921875,-0.004397392272949219,486
1,1,0,454509.4672121885,454511.8569432141,454511.8569432141,454511.85694321245,454516.6243251224,0.1523461122997105,0.3847991678443972,0.5,0.01,-7.157112933887753,0.7072241306304932,0.06523418426513672,0.0042803287506103516,0.0019834041595458984,-0.004385948181152344,486
2,1,0,454509.4672121885,454511.8569432141,454511.8569432141,454511.85694321245,454516.6243251224,0.1523461122997105,0.3847991678443972,0.5,0.01,-7.157112933887753,0.7072241306304932,0.06523418426513672,0.0042803287506103516,0.0019834041595458984,-0.004385948181152344,486
