,iterationsNumber,seriousStepNumber,objectiveValue,objectiveValueBar,bestObjectiveValue,bestcertifiedObjectiveValue,mainObjective,delta,gradnorm,mu,mbundle,minEigenvalue,qpTime,oracleTime,bmTime,gramTime,concaTime,num_cuts
0,0,0,5991.622243443085,5991.622097989553,5991.622243443085,5991.6222434430765,5991.622243673602,0.0001455606980016455,2.9680714893328323e-05,0.003,0.01,-2.305167807740031e-07,0.007631778717041016,0.0005974769592285156,0,0.003346681594848633,-0.0038492679595947266,1
1,0,0,5991.622243443085,5991.622097989553,5991.622243443085,5991.6222434430765,5991.622243673602,0.0001455606980016455,2.9680714893328323e-05,0.003,0.01,-2.305167807740031e-07,0.007631778717041016,0.0005974769592285156,0,0.003346681594848633,-0.0038492679595947266,1
