,iterationsNumber,seriousStepNumber,objectiveValue,objectiveValueBar,bestObjectiveValue,bestcertifiedObjectiveValue,mainObjective,delta,gradnorm,mu,mbundle,minEigenvalue,qpTime,oracleTime,bmTime,gramTime,concaTime,num_cuts
0,0,0,189594.7578146435,189764.0815273458,189764.0815273458,189764.08152734427,189844.9355294701,13.453005414048675,1.4017413047391143,0.073,0.01,-250.17771482658534,0.023941516876220703,0.008878469467163086,0.0010190010070800781,0.001046895980834961,-0.0014445781707763672,65
1,1,0,189764.0769318774,189764.0815273458,189764.0815273458,189764.08152734427,189764.11041092468,1.4491059118881822e-05,0.0015074726504746936,0.073,0.01,-0.0334790472617567,0.07647347450256348,0.00885772705078125,0.0010190010070800781,0.0010170936584472656,-0.0014541149139404297,65
2,1,0,189764.0769318774,189764.0815273458,189764.0815273458,189764.08152734427,189764.11041092468,1.4491059118881822e-05,0.0015074726504746936,0.073,0.01,-0.0334790472617567,0.07647347450256348,0.00885772705078125,0.0010190010070800781,0.0010170936584472656,-0.0014541149139404297,65
