,iterationsNumber,seriousStepNumber,objectiveValue,objectiveValueBar,bestObjectiveValue,bestcertifiedObjectiveValue,mainObjective,delta,gradnorm,mu,mbundle,minEigenvalue,qpTime,oracleTime,bmTime,gramTime,concaTime,num_cuts
0,0,0,797.0719796146136,803.1273107893095,803.1273107893095,803.1273107892588,803.3260319806465,0.13212264316723576,0.08905587135214207,0.03,0.01,-6.254052366032835,0.01018071174621582,0.004132986068725586,0.00036597251892089844,0.0010952949523925781,-0.0014081001281738281,29
1,1,0,801.3866387190056,803.1273107893095,803.1273107893095,803.1273107892588,803.1311866648207,0.0019390463305626326,0.010785442977647797,0.03,0.01,-1.744547945815049,0.03183460235595703,0.003997087478637695,0.00036144256591796875,0.0010612010955810547,-0.00141143798828125,31
2,2,0,802.6206350335092,803.1273107893095,803.1273107893095,803.1273107892588,803.125806760033,0.0008891051702448749,0.00669883552510176,0.03,0.01,-0.5051717265238561,0.031305789947509766,0.004032135009765625,0.0003638267517089844,0.0010251998901367188,-0.0013103485107421875,33
3,3,0,803.1249006157748,803.1273107893095,803.1273107893095,803.1273107892588,803.1250237320156,1.3234862308308948e-06,0.0002346388272690199,0.03,0.01,-0.0001231162408269585,0.006162881851196289,0.004018545150756836,0.0003638267517089844,0.0010280609130859375,-0.001325845718383789,33
4,3,0,803.1249006157748,803.1273107893095,803.1273107893095,803.1273107892588,803.1250237320156,1.3234862308308948e-06,0.0002346388272690199,0.03,0.01,-0.0001231162408269585,0.006162881851196289,0.004018545150756836,0.0003638267517089844,0.0010280609130859375,-0.001325845718383789,33
