,iterationsNumber,seriousStepNumber,objectiveValue,objectiveValueBar,bestObjectiveValue,bestcertifiedObjectiveValue,mainObjective,delta,gradnorm,mu,mbundle,minEigenvalue,qpTime,oracleTime,bmTime,gramTime,concaTime,num_cuts
0,0,0,796.9777769436621,803.1273106102586,803.1273106102586,803.1273106102386,803.3264856591079,0.1320705216865008,0.08903834345512626,0.03,0.01,-6.348708715445797,0.0073604583740234375,0.0021178722381591797,0.0,0.0010461807250976562,-0.0011413097381591797,29
1,1,0,801.5570591003643,803.1273106102586,803.1273106102586,803.1273106102386,803.1334430892924,0.00218956719390917,0.011463070304810035,0.03,0.01,-1.5763839889280824,0.030331134796142578,0.002327442169189453,0.0,0.0,-0.008861780166625977,31
2,2,0,802.7694416573095,803.1273106102586,803.1273106102586,803.1273106102386,803.1254342839469,0.0004294456039133365,0.004955392771305983,0.03,0.01,-0.35599262663744,0.03243207931518555,0.002039670944213867,0.0,0.0,-0.0016326904296875,31
3,2,0,802.7694416573095,803.1273106102586,803.1273106102586,803.1273106102386,803.1254342839469,0.0004294456039133365,0.004955392771305983,0.03,0.01,-0.35599262663744,0.03243207931518555,0.002039670944213867,0.0,0.0,-0.0016326904296875,31
