,iterationsNumber,seriousStepNumber,objectiveValue,objectiveValueBar,bestObjectiveValue,bestcertifiedObjectiveValue,mainObjective,delta,gradnorm,mu,mbundle,minEigenvalue,qpTime,oracleTime,bmTime,gramTime,concaTime,num_cuts
0,0,0,-71504.56524451701,16160.450156974603,16160.450156974603,16160.450156974603,15031.15881023278,681.2239940372747,2.6100277600124326,0.005,0.01,-86535.7240547498,0.0009889602661132812,0.0,0.0,0.0020554065704345703,0.0,5
1,1,0,-25956.515264424703,16160.450156974603,16160.450156974603,16160.450156974603,15088.629658147609,618.7561863721858,2.4696607535171347,0.005,0.01,-41045.14492257231,0.0010368824005126953,0.0,0.0,0.0010533332824707031,-0.007004499435424805,7
2,2,0,-1513.7454163649345,16160.450156974603,16160.450156974603,16160.450156974603,15557.380388214602,442.4308125221869,2.0485088706744667,0.005,0.01,-17071.125804579537,0.009230852127075195,0.0,0.0,0.0,0.0,10
3,3,0,9785.463791668437,16160.450156974603,16160.450156974603,16160.450156974603,16345.769778848637,297.47650745005376,1.673428863595047,0.005,0.01,-6560.3059871802,0.0,0.0,0.0,0.008045673370361328,0.0,12
4,4,0,13852.912639504124,16160.450156974603,16160.450156974603,16160.450156974603,16156.986906399332,22.271792489602376,0.4621210224213659,0.005,0.01,-2304.074266895209,0.00799107551574707,0.0,0.0,0.0,0.0,14
5,5,0,15254.431360047496,16160.450156974603,16160.450156974603,16160.450156974603,16226.298712732048,19.257870657391322,0.4210346446118793,0.00525,0.01,-971.8673526845514,0.0043125152587890625,0.0,0.0,0.0,0.0,15
6,6,0,16160.423728092643,16160.450156974603,16160.450156974603,16160.450156974603,16160.446516365064,1.2961002938955062,0.0007633481130550257,0.00525,0.01,-0.02278827242080566,0.007549285888671875,0.0,0.0,0.0010352134704589844,-0.0005190372467041016,17
7,7,0,16160.436890287825,16160.450156974603,16160.450156974603,16160.450156974603,16160.444453108219,0.017556382985276286,0.0003062358304638356,0.00525,0.01,-0.007562820393591938,0.0,0.0,0.0,0.0,0.0,17
8,7,0,16160.436890287825,16160.450156974603,16160.450156974603,16160.450156974603,16160.444453108219,0.017556382985276286,0.0003062358304638356,0.00525,0.01,-0.007562820393591938,0.0,0.0,0.0,0.0,0.0,17
