,iterationsNumber,seriousStepNumber,objectiveValue,objectiveValueBar,bestObjectiveValue,bestcertifiedObjectiveValue,mainObjective,delta,gradnorm,mu,mbundle,minEigenvalue,qpTime,oracleTime,bmTime,gramTime,concaTime,num_cuts
0,0,0,5991.622243419604,5991.622016941546,5991.622243419604,5991.622243419586,5991.622243458074,0.00022650018672720762,1.1905595565439327e-05,0.003,0.01,-3.846960857316866e-08,0.0051076412200927734,0.0,0,0.0012772083282470703,-0.002866983413696289,1
1,0,0,5991.622243419604,5991.622016941546,5991.622243419604,5991.622243419586,5991.622243458074,0.00022650018672720762,1.1905595565439327e-05,0.003,0.01,-3.846960857316866e-08,0.0051076412200927734,0.0,0,0.0012772083282470703,-0.002866983413696289,1
