,iterationsNumber,seriousStepNumber,objectiveValue,objectiveValueBar,bestObjectiveValue,bestcertifiedObjectiveValue,mainObjective,delta,gradnorm,mu,mbundle,minEigenvalue,qpTime,oracleTime,bmTime,gramTime,concaTime,num_cuts
0,0,0,2038.6055091777796,2178.0804197853954,2178.0804197853954,2178.0804197853236,2164.1837305158215,9.702432124860934,0.5212176867413612,0.014,0.01,-125.5782213380418,0.004856109619140625,0.00103759765625,0.0,0.0010333061218261719,-0.002233743667602539,12
1,1,0,2178.0801643266013,2178.0804197853954,2178.0804197853954,2178.0804197853236,2178.0802984602033,1.0426905646454543e-05,0.00019530108633023386,0.014,0.01,-0.00013413360199169416,0.0009980201721191406,0.0,0.0,0.0010328292846679688,-0.0012733936309814453,12
2,1,0,2178.0801643266013,2178.0804197853954,2178.0804197853954,2178.0804197853236,2178.0802984602033,1.0426905646454543e-05,0.00019530108633023386,0.014,0.01,-0.00013413360199169416,0.0009980201721191406,0.0,0.0,0.0010328292846679688,-0.0012733936309814453,12
